ユーザーストーリーのグループ	ユーザーストーリー	ユースケース	ユーザーストーリー名	主語	動詞	対象	理由	結果	ユーザーストーリーの完了条件
【グループ1：仕様書管理（ダッシュボード）】	仕様書作成者として、自分が作成・管理している全ての仕様書を一覧で確認したい。なぜならば、作業の全体像を把握し、どの仕様書を次に編集すべきか判断するため。	仕様書の管理	仕様書一覧の表示	仕様書作成者	一覧で確認する	自分が作成・管理している全ての仕様書	作業の全体像を把握し、次に編集すべき仕様書を判断するため。	ユーザーは自分がアクセスできる仕様書の一覧（件名、ステータス、バージョン、最終更新日）がリスト表示されたダッシュボードを見ることができる 1。	1. トップページ（1）にアクセスすると、仕様書一覧がテーブル形式で表示される。  2. テーブルには「件名」「ステータス」「バージョン」「最終更新日」「操作」のカラムが存在する。  3. （件名未設定）の仕様書もリストに表示される。
【グループ1：仕様書管理（ダッシュボード）】	仕様書作成者として、新しい仕様書をゼロから作成したい。なぜならば、新しい調達プロジェクトを開始するため。	仕様書の新規作成	新規仕様書の開始	仕様書作成者	作成する	新しい仕様書	新しい調達プロジェクトを開始するため。	ユーザーはウィザードの最初のステップ（基本情報）に遷移し、新しい仕様書の入力を開始できる 2。	1. トップページ（1）の「+ 新規作成」ボタンをクリックする。  2. アプリは新しい仕様書IDを（内部的に）採番する。  3. ユーザーは「ステップ 1/6 基本情報」画面（2）にリダイレクトされる（プロンプトログ 3 #13 の「ユーザー体験向上」の指示に基づき、Step 0ではなくStep 1に直接遷移する）。
【グループ1：仕様書管理（ダッシュボード）】	仕様書作成者として、一覧画面で各仕様書の「ステータス」を一目で識別したい。なぜならば、「編集中」「確認中」「保存済み」といった状態に応じて、次に行うべき作業（編集の継続か、レビューの依頼か）を判断するため 3。	仕様書の管理	ステータスによる状況把握	仕様書作成者	一目で識別する	各仕様書の「ステータス」（編集中、確認中、保存済み）	次に行うべき作業（編集の継続か、レビューの依頼か）を判断するため 3。	仕様書一覧（1）の「ステータス」カラムに、色付きのバッジなどで現在の状態が明確に表示される。	1. ステータスは「保存済み」「編集中」「確認中」のいずれかである 3。  2. 各ステータスは異なる色（例：緑、黄、青）のバッジで表示される。  3. ユーザーはリストをスクロールするだけで、各仕様書の現在の状態を即座に理解できる。
【グループ1：仕様書管理（ダッシュボード）】	仕様書作成者として、「保存済み」以外の仕様書については、「詳細」ではなく「編集」ボタンで作業を再開したい。なぜならば、その方が直感的に「作業の続きを行う」という次のアクションを認識できるため 3。	仕様書の編集	編集へのシームレスな移行	仕様書作成者	「編集」ボタンで作業を再開する	「保存済み」以外の仕様書（例：編集中、確認中）	「詳細」よりも「編集」の方が、作業再開のアクションとして直感的に認識できるため 3。	ユーザーは「編集中」の仕様書の横にある「編集」ボタンを押すことで、ウィザード画面に直接遷移し、作業を再開できる。	1. トップページ（1）の一覧で、ステータスが「保存済み」の仕様書の「操作」カラムには「詳細」ボタンが表示される。  2. ステータスが「保存済み」以外（例：「編集中」「確認中」）の仕様書の「操作」カラムには「編集」ボタンが表示される 3。
【グループ1：仕様書管理（ダッシュボード）】	仕様書管理者として、トップページから「設定」画面へアクセスしたい。なぜならば、仕様書作成に使用するテンプレート（スキーマ）を組織のルールに合わせて管理・変更するため 4。	スキーマ管理	設定画面へのナビゲーション	仕様書管理者	アクセスする	トップページから「設定」画面へ	仕様書作成に使用するテンプレート（スキーマ）を管理・変更するため 4。	ユーザーはトップページから設定画面（4）に遷移し、スキーマ管理を開始できる。	1. トップページ（1）に「設定」ボタンが表示されている。  2. 「設定」ボタンをクリックすると、「スキーマ設定」画面（4）へ遷移する。
【グループ2：仕様書作成（ウィザード Steps 1-5）】	仕様書作成者として、複雑な仕様書項目をステップ・バイ・ステップの形式で入力したい。なぜならば、仕様書作成というタスクを複数の小さなカテゴリに分割することで、順序立てて、漏れなく入力作業を進められるため 3。	仕様書の作成（ウィザード）	ウィザードによる構造化入力	仕様書作成者	ステップ・バイ・ステップの形式で入力する	複雑な仕様書項目	項目をカテゴリに分割し、順序立てて漏れなく入力するため 3。	ユーザーは「基本情報」「スコープ」「納品情報」など、明確に区分されたステップ（2）を順番に進めながら、仕様書を完成させることができる。	1. 仕様書作成画面は、明確に定義されたステップ（2〜9）で構成される 3。  2. 画面上部には「ステップ X/6」という進捗バーが表示される。  3. ユーザーは「次へ」「前へ」ボタンでステップ間を移動できる。
【グループ2：仕様書作成（ウィザード Steps 1-5）】	仕様書作成者として、仕様書の「件名」「調達の背景」「調達の目的」を最初に定義したい。なぜならば、その仕様書が「何を」「なぜ」調達するものなのか、という最も根本的な意図を、全ての関係者（レビューア、ベンダー）と共有するため 2。	仕様書の作成（ウィザード）	プロジェクトの基本定義	仕様書作成者	定義する	仕様書の「件名」「調達の背景」「調達の目的」	その調達が「何を」「なぜ」行うものなのか、根本的な意図を関係者と共有するため。	ユーザーはステップ1（2）で、仕様書の核となる3つの基本情報（件名、背景、目的）を入力できる。	1. 「ステップ 1/6 基本情報」画面（2）が表示される。  2. 「件名」「調達の背景」「調達の目的」の3つのテキスト入力フィールドが存在する。
【グループ2：仕様書作成（ウィザード Steps 1-5）】	仕様書作成者として、「調達の種別」（契約形態）と「調達のスコープ」（作業範囲）を明確に選択したい。なぜならば、発注の法的根拠（準委任/委任）と、ベンダーに依頼する作業範囲（例：機能開発のみ）を仕様書の前提条件として定義するため 5。	仕様書の作成（ウィзаード）	契約とスコープの定義	仕様書作成者	選択する	「調達の種別」と「調達のスコープ」	発注の法的根拠と作業範囲を、仕様書の前提条件として定義するため。	ユーザーはステップ2（5）で、契約形態（ラジオボタン）と作業範囲（チェックボックス）を選択し、調達の枠組みを決定できる。	1. 「ステップ 2/6 調達の種別とスコープ」画面（5）が表示される。  2. 「調達の種別」がラジオボタン（例：「準委任」「委任」）で提供される。  3. 「調達のスコープ」がチェックボックス（複数選択可）で提供される。
【グループ2：仕様書作成（ウィザード Steps 1-5）】	仕様書作成者として、「納品期限」「納品場所」「担当者」といった納品に関する情報を具体的に入力したい。なぜならば、成果物の受け渡し（検収）プロセスを明確にし、関係者間の認識齟齬を防ぐため 3。	仕様書の作成（ウィザード）	納品プロセスの定義	仕様書作成者	入力する	「納品期限」「納品場所」「担当者」	成果物の受け渡し（検収）プロセスを明確にし、認識齟齬を防ぐため。	ユーザーはステップ3（6）で、納品に関する具体的な情報を入力できる。	1. 「ステップ 3/6 納品情報」画面（6）が表示される。  2. 「納品期限」の入力（カレンダーピッカーを伴う日付入力）。  3. 「納品場所」の入力（テキスト）。  4. 「担当者」の入力（テキスト）3。
【グループ2：仕様書作成（ウィザード Steps 1-5）】	仕様書作成者として、「納品物」をリストとして複数追加・編集・削除したい。なぜならば、一つの調達プロジェクトには、通常、複数の成果物（例：設計書、ソースコード、テスト報告書）が存在するため 3。	仕様書の作成（ウィザード）	[1対多] 納品物のリスト化	仕様書作成者	リストとして複数追加・編集・削除する	「納品物」（名称、個数、説明）	一つの調達プロジェクトには複数の成果物が存在するため 3。	ユーザーはステップ3（6）で、「+ 納品物を追加」ボタンを使い、必要なだけ納品物アイテムをリストに追加できる。	1. 「納品物」セクションに「+ 納品物を追加」ボタンが表示される 6。  2. ボタンを押すと、「納品物X」の入力ブロック（名称、個数、説明）が新しく追加される 3。  3. 各納品物ブロックには「削除」ボタン（UI上は示されていないが機能として必須）が存在する。
【グループ2：仕様書作成（ウィザード Steps 1-5）】	仕様書作成者として、「受注者に求められる要件」をリストとして複数追加・編集・削除したい。なぜならば、発注先を選定するための基準（例：セキュリティ認証、特定技術の経験）が複数あり、それらを明示する必要があるため 3。	仕様書の作成（ウィザード）	[1対多] 受注者要件のリスト化	仕様書作成者	リストとして複数追加・編集・削除する	「受注者に求められる要件」（カテゴリ、説明）	発注先選定のための基準（例：セキュリティ、実績）が複数あり、それらを明示する必要があるため 3。	ユーザーはステップ4（7）で、「+ 要件を追加」ボタンを使い、受注者に対する要求事項をリストとして追加できる。	1. 「受注者に求められる要件」セクションに「+ 要件を追加」ボタンが表示される 7。  2. ボタンを押すと、「要件X」の入力ブロック（カテゴリ、説明）が新しく追加される 3。  3. 各要件ブロックには「削除」ボタン（UI上は示されていないが機能として必須）が存在する。
【グループ2：仕様書作成（ウィザード Steps 1-5）】	仕様書作成者として、「業務の基本要件」をリストとして複数追加・編集・削除したい。なぜならば、開発・納品されるシステムやサービス自体が満たすべき技術的・非機能的な要件（例：稼働率、セキュリティ準拠）が複数あるため 3。	仕様書の作成（ウィザード）	[1対多] 業務基本要件のリスト化	仕様書作成者	リストとして複数追加・編集・削除する	「業務の基本要件」（カテゴリ、説明）	納品物自体が満たすべき技術的・非機能的な要件が複数あるため 3。	ユーザーはステップ4（7）で、「+ 基本要件を追加」ボタンを使い、業務の前提条件をリストとして追加できる。	1. 「業務の基本要件」セクションに「+ 基本要件を追加」ボタンが表示される 7。  2. ボタンを押すと、「基本要件X」の入力ブロック（カテゴリ、説明）が新しく追加される 3。  3. 各基本要件ブロックには「削除」ボタン（UI上は示されていないが機能として必須）が存在する。
【グループ2：仕様書作成（ウィザード Steps 1-5）】	仕様書作成者として、「業務タスク」をリストとして複数追加・編集・削除したい。なぜならば、調達スコープ内の業務を、実行可能な単位（WBSの要素）に具体的に分解し、それぞれに詳細な仕様を定義する必要があるため 8。	仕様書の作成（ウィザード）	[1対多] 業務タスクのリスト化	仕様書作成者	リストとして複数追加・編集・削除する	「業務タスク」（タイトル、詳細仕様）	業務を具体的な作業タスクに分解し、それぞれに詳細な仕様を定義する必要があるため。	ユーザーはステップ5（8）で、「+ 業務を追加」ボタンを使い、実施すべき業務タスクをリストとして追加できる。	1. 「各業務の詳細仕様」画面（8）に「+ 業務を追加」ボタンが表示される。  2. ボタンを押すと、「業務X」の入力ブロック（タイトル、詳細仕様）が新しく追加される。  3. 各業務ブロックには「削除」ボタン（UI上は示されていないが機能として必須）が存在する。
【グループ3：レビュー、バリデーション、保存（ウィザード Step 6）】	仕様書作成者として、保存（発行）する前に、入力した全ての項目を一つの画面で一覧（サマリー）したい。なぜならば、各ステップ間での内容の整合性を確認し、全体を俯瞰して最終チェックを行うため 9。	仕様書のレビューと保存	最終確認サマリーの表示	仕様書作成者	一覧（サマリー）する	入力した全ての項目	保存（発行）前に、内容の整合性を確認し、全体を俯瞰して最終チェックを行うため。	ユーザーはステップ6（9）で、ステップ1〜5で入力した全項目の内容が一覧表示されたサマリーページを確認できる。	1. 「ステップ 6/6 確認・保存」画面（9）に、全ステップの入力内容が読み取り専用形式で表示される。  2. 未入力の項目には「(未入力)」と表示される。
【グループ3：レビュー、バリデーション、保存（ウィザード Step 6）】	仕様書作成者として、確認サマリー画面で「未入力の項目」を視覚的に（例：薄赤色の背景で）強調表示してほしい。なぜならば、仕様書として致命的となる「必須項目の入力漏れ」を確実に見つけ出し、保存（発行）前に修正するため 3。	仕様書のレビューと保存	入力漏れの視覚的検知（バリデーション）	仕様書作成者	視覚的に強調表示させる	「未入力の項目」	致命的な「必須項目の入力漏れ」を確実に見つけ出し、修正するため 3。	ユーザーはステップ6（9）のサマリー画面で、未入力の項目（例：「件名 (未入力)」）が背景色（例：薄赤）で強調表示されているのを確認できる。	1. プロンプトログ（3, #13）の指示に基づき、確認画面（9）で「(未入力)」と表示されている項目の背景が、薄い赤色で強調表示される。
【グループ3：レビュー、バリデーション、保存（ウィザード Step 6）】	仕様書作成者として、各ステップの「入力済み項目数 / 総項目数」（例：基本情報 (0/3)）を把握したい。なぜならば、仕様書の全体的な完成度（進捗）を定量的に理解し、どのセクションに未入力が多いかを即座に判断するため 3。	仕様書のレビューと保存	進捗の定量的把握	仕様書作成者	把握する	各ステップの「入力済み項目数 / 総項目数」	仕様書の完成度（進捗）を定量的に理解し、未入力が多いセクションを即座に判断するため 3。	ユーザーはウィザードの進捗バー2および確認画面9のセクション見出しで、各ステップの入力状況（例: (0/3)）を確認できる。	1. ウィザードの各ステップ上部（2など）の進捗バーに、ステップごとの入力状況（例：「1. 基本情報 (0/3)」）が表示される 3。  2. 確認画面（9）の各セクション見出しにも、同様の入力状況が表示される。
【グループ3：レビュー、バリデーション、保存（ウィザード Step 6）】	仕様書作成者として、確認サマリー画面（Step6）で入力ミスを見つけた場合、該当セクションの「編集」ボタンから直接そのステップにジャンプしたい。なぜならば、「戻る」ボタンを何度も押して修正箇所を探すという非効率な手戻りをなくし、迅速に内容を修正するため 9。	仕様書のレビューと保存	編集のためのクイックナビゲーション	仕様書作成者	ジャンプする	確認画面（Step6）から、該当セクションの「編集」ボタンで修正したいステップへ	非効率な手戻り（「戻る」の連打）をなくし、迅速に内容を修正するため。	ユーザーは確認画面（9）で「基本情報」の「編集」ボタンを押し、即座にステップ1（2）の画面に遷移して内容を修正できる。	1. 確認画面（9）の各セクション（例：「基本情報」「納品情報」）の横に「編集」ボタンが表示される。  2. この「編集」ボタンをクリックすると、対応するウィザードのステップ（例：ステップ1、ステップ3）に直接遷移する。
【グループ3：レビュー、バリデーション、保存（ウィザード Step 6）】	仕様書作成者として、全項目が入力された仕様書を「保存」したい。なぜならば、関係者（レビューア、ベンダー）に共有するための「公式なメジャーバージョン」（例: v2.0）として版を確定させるため 3。	仕様書のレビューと保存	公式版の確定（メジャーバージョン保存）	仕様書作成者	保存する	全項目が入力された仕様書	「公式なメジャーバージョン」（例: v2.0）として版を確定させるため 3。	ユーザーは確認画面（9）で「仕様書を保存する」ボタンを押し、仕様書のメジャーバージョンがインクリメント（例：1.0 -> 2.0）される。	1. 全ての必須項目（4で定義）が入力されている状態で「仕様書を保存する」ボタン（9）を押す。  2. 仕様書のバージョンがメジャーインクリメント（例：1.0 から 2.0）される 3。  3. ステータスが「保存済み」になる 3。
【グループ3：レビュー、バリデーション、保存（ウィザード Step 6）】	仕様書作成者として、作業途中の未入力項目がある仕様書を「保存」したい。なぜならば、作業を中断し、後で再開するために「ドラフト（下書き）」としてマイナーバージョン（例: v1.1）で保存しておくため 3。	仕様書のレビューと保存	ドラフト保存（マイナーバージョン保存）	仕様書作成者	保存する	作業途中の未入力項目がある仕様書	作業を中断し、後で再開するために「ドラフト（下書き）」としてマイナーバージョンで保存するため 3。	ユーザーは確認画面（9）で「仕様書を保存する」ボタンを押し、仕様書のマイナーバージョンがインクリメント（例：1.0 -> 1.1）される。	1. 4で定義された必須項目のうち、1つ以上が未入力の状態で「仕様書を保存する」ボタン（9）を押す。  2. 仕様書のバージョンがマイナーインクリメント（例：1.0 から 1.1）される 3。  3. ステータスが「確認中」または「編集中」になる 3。
【グループ4：仕様書の利用（詳細・エクスポート）】	仕様書作成者として、仕様書の概要（件名、バージョン、期限など）を素早く確認したい。なぜならば、それが今探している目的の仕様書であるか、または最新のバージョンであるかを判断するため 10。	仕様書の参照	仕様書概要のクイック確認	仕様書作成者	素早く確認する	仕様書の概要（件名、バージョン、期限など）	目的の仕様書であるか、最新バージョンであるかを判断するため。	ユーザーは仕様書詳細情報画面（10）で、主要なメタデータを一目で確認できる。	1. トップページ（1）から仕様書を選択すると、仕様書詳細情報画面（10）に遷移する。  2. 画面には「作成日」「バージョン」「件名」「調達の種別」「納品期限」などの概要情報が表示される。
【グループ4：仕様書の利用（詳細・エクスポート）】	仕様書作成者として、仕様書をPDF形式でエクスポートしたい。なぜならば、レイアウトを固定し、改変不可能な「正本」として、調達先ベンダーや上長など、アプリのアカウントを持たない関係者にも正式に共有・配布するため 10。	仕様書のエクスポート	[レビューア視点] PDFによる正式な共有	仕様書作成者	PDF形式でエクスポートする	仕様書	改変不可能な「正本」として、アプリのアカウントを持たない関係者に正式に共有・配布するため。	ユーザーは詳細画面（10）の「PDF」ボタンを押し、仕様書のPDFファイルが生成・ダウンロードされる。	1. 仕様書詳細情報画面（10）に「エクスポート」セクションがあり、「PDF」ボタンが存在する。  2. ボタンをクリックすると、ブラウザがPDFファイルのダウンロードを開始する。
【グループ4：仕様書の利用（詳細・エクスポート）】	仕様書レビューア（法務部や上長）として、仕様書をWord形式でエクスポートしたい。なぜならば、アプリのアカウントがなくても、「変更履歴」や「コメント」機能を使って、仕様書のレビュー（赤入れ）や共同編集を行うため 10。	仕様書のエクスポート	[レビューア視点] Wordによる共同編集（レビュー）	仕様書レビューア（法務部や上長）	Word形式でエクスポートする	仕様書	アプリ外で「変更履歴」や「コメント」機能を使い、レビュー（赤入れ）を行うため。	ユーザーは詳細画面（10）の「Word」ボタンを押し、仕様書のWordファイルが生成・ダウンロードされる。	1. 仕様書詳細情報画面（10）に「エクスポート」セクションがあり、「Word」ボタンが存在する。  2. ボタンをクリックすると、ブラウザがWord (.docx) ファイルのダウンロードを開始する。
【グループ4：仕様書の利用（詳細・エクスポート）】	仕様書レビューア（開発チーム）として、仕様書をMarkdown形式でエクスポートしたい。なぜならば、仕様書の変更履歴をGitなどのバージョン管理システムで、差分（Diff）として技術的に管理するため 10。	仕様書のエクスポート	[レビューア視点] Markdownによる技術的な版管理	仕様書レビューア（開発チーム）	Markdown形式でエクスポートする	仕様書	仕様書の変更履歴をGitで差分（Diff）として技術的に管理するため。	ユーザーは詳細画面（10）の「Markdown」ボタンを押し、仕様書のMarkdownファイルが生成・ダウンロードされる。	1. 仕様書詳細情報画面（10）に「エクスポート」セクションがあり、「Markdown」ボタンが存在する。  2. ボタンをクリックすると、ブラウザがMarkdown (.md) ファイルのダウンロードを開始する。
【グループ5：システム管理（スキーマ設定）】	仕様書管理者として、仕様書作成の「ステップ（カテゴリ）」を自由に定義（追加・編集・削除）したい。なぜならば、組織の業務プロセス（例：ソフトウェア開発と物品購入）に合わせて、仕様書作成の入力フロー自体を最適化するため 4。	スキーマ管理	テンプレートの構造（ステップ）定義	仕様書管理者	自由に定義（追加・編集・削除）する	仕様書作成の「ステップ（カテゴリ）」	組織の業務プロセスに合わせて、入力フローを最適化するため 3。	管理者は設定画面（4）で「カテゴリを追加」ボタンや「編集」「削除」リンクを使い、ウィザードのステップ構成（例：「ステップ1 基本情報」）を自由に変更できる。	1. 設定画面（4）に「カテゴリ一覧」が表示される。  2. 「カテゴリを追加」ボタン、および各カテゴリに「編集」「削除」リンクが存在する。
【グループ5：システム管理（スキーマ設定）】	仕様書管理者として、各ステップ内の「入力項目」を自由に定義（追加・編集・削除）したい。なぜならば、業務上必要な情報（例：「担当者」）をテンプレートに追加したり、不要な項目（例：「調達の背景」）を削除したりして、収集する情報を過不足なく定義するため 4。	スキーマ管理	入力フォームのカスタマイズ	仕様書管理者	自由に定義（追加・編集・削除）する	各ステップ内の「入力項目」	業務上必要な情報をテンプレートに追加・削除し、収集する情報を過不足なく定義するため 3。	管理者は設定画面（4）で、各ステップの下にある「+ 項目を追加」ボタンや「編集」「削除」リンクを使い、フォームの項目を自由に変更できる。	1. 設定画面（4）の各カテゴリ（ステップ）に「+ 項目を追加」ボタンが存在する。  2. 各入力項目に「編集」「削除」リンクが存在する。
【グループ5：システム管理（スキーマ設定）】	仕様書管理者として、各入力項目の「データ型」（例：テキスト、リスト、日付）を指定したい。なぜならば、作成者（ユーザー）に適切な形式でデータを入力させ、後続処理（例：エクスポート、集計）が容易な、構造化されたクリーンなデータを担保するため 4。	スキーマ管理	データ型（制約）の定義	仕様書管理者	指定する	各入力項目の「データ型」（テキスト、リスト、日付など）	適切な形式でデータを入力させ、構造化されたクリーンなデータを担保するため。	管理者は項目追加・編集時に、その項目の種類（4に表示されている「テキスト」「テキストエリア」「ラジオボタン」「チェックボックス」「リスト」「日付」など）を選択できる。	1. 設定画面（4）の入力項目一覧に、その型（例：「テキスト」「リスト」）が表示されている。  2. 項目編集画面（UIでは省略されているが推察）で、これらの型を選択できる。
【グループ5：システム管理（スキーマ設定）】	仕様書管理者として、特定の入力項目を「必須」として設定したい。なぜならば、調達コンプライアンス上、あるいは業務上、不可欠な情報（例：「調達の目的」「納品期限」）の入力漏れを、システム的に強制・防止するため 4。	スキーマ管理	入力必須項目の強制（バリデーション定義）	仕様書管理者	「必須」として設定する	特定の入力項目	コンプライアンス上、不可欠な情報の入力漏れをシステム的に強制・防止するため。	管理者は設定画面（4）で、任意の項目（例：「調達の種別」）に「必須」マークを付与できる。	1. 設定画面（4）で、特定の入力項目に「必須」マークが表示されている。  2. 項目編集画面（UIでは省略されているが推察）で、「必須」のオン/オフを切り替えるチェックボックス等が存在する。
【グループ5：システム管理（スキーマ設定）】	仕様書管理者として、カスタマイズしたスキーマ設定全体を「デフォルト」（初期状態）にリセットしたい。なぜならば、設定のカスタマイズに失敗した際や、組織のプロセス変更で初期状態に戻す必要が出た際に、安全な状態に復元するため 4。	スキーマ管理	設定のデフォルト復元	仕様書管理者	「デフォルト」にリセットする	カスタマイズしたスキーマ設定全体	設定に失敗した際や、初期状態に戻す必要が出た際に、安全な状態に復元するため。	管理者は設定画面（4）の「デフォルトに戻す」ボタンをクリックし、確認ダイアログを経て、スキーマ設定を初期状態に戻すことができる。	1. 設定画面（4）に「デフォルトに戻す」ボタンが存在する。  2. ボタンをクリックすると、確認ダイアログ（例：「本当にリセットしますか？」）が表示される。  3. 承認すると、カテゴリや入力項目が初期状態に戻る。
【グループ6：非機能要件・ユーザビリティ】	仕様書作成者として、入力中のデータを自動的に保存してほしい。なぜならば、仕様書作成は時間がかかる作業であり、ブラウザのクラッシュやネットワークの切断、PCのシャットダウンなどで、長時間かけて入力した内容が失われることを防ぐため 2。	仕様書の作成（ウィザード）	データ消失の防止（自動保存）	仕様書作成者	自動的に保存する	入力中のデータ	ブラウザのクラッシュ等で、長時間かけて入力した内容が失われることを防ぐため 3。	ユーザーはウィザードの各ステップ（2-6）で入力中、画面の隅に「自動保存中」というインジケータが表示され、データが（ローカルストレージに）保存されていることを認識できる。	1. ウィザードの各画面（2など）に「自動保存中」のテキストが表示される。  2. プロンプトログ（3, #4）の指示に基づき、入力内容はローカルストレージに自動保存される。
【グループ6：非機能要件・ユーザビリティ】	仕様書作成者として、作業を中断した仕様書を再度開いたときに、前回の続き（中断したステップ、入力内容）からシームレスに作業を再開したい。なぜならば、自動保存された内容を探したり、ロードし直したりする手間を省き、効率的に作業を継続するため 3。	仕様書の作成（ウィザード）	作業のシームレスな再開	仕様書作成者	前回の続きからシームレスに作業を再開する	作業を中断した仕様書	自動保存された内容を探す手間を省き、効率的に作業を継続するため 3。	ユーザーが「編集中」の仕様書（1）を開くと、前回終了時のステップ（例：ステップ3）と入力内容が完全に復元された状態でウィザードが表示される。	1. プロンプトログ（3, #4）の指示に基づき、ページリロード時にローカルストレージからデータが自動的に復元される。  2. ユーザーは前回作業していたステップと入力内容のまま、作業を再開できる。
【グループ6：非機能要件・ユーザビリティ】	仕様書作成者として、「納品期限」のカレンダーアイコンなど、操作可能なUIコンポーネントを明確に認識（視認）したい。なぜならば、アイコンが背景に溶け込んで見えにくいと、その機能（カレンダーピッカー）が使えない、あるいは存在しないと誤解し、UX（ユーザー体験）が低下するため 3。	仕様書の作成（ウィザード）	UIコンポーネントの視認性担保	仕様書作成者	明確に認識（視認）する	「納品期限」のカレンダーアイコンなど、操作可能なUIコンポーネント	アイコンが見えにくいと、その機能が存在しないと誤解し、UXが低下するため 3。	ユーザーは納品期限（6）の入力欄の横に、背景から明確に識別できる色（例：黒）のカレンダーアイコンを認識し、クリックできる。	1. プロンプトログ（3, #10）の「視認性が悪いため」という指示に基づき、「納品期限」（6）のカレンダーアイコンは、背景と明確に区別できる色（例：黒）で表示される。
【グループ6：非機能要件・ユーザビリティ】	仕様書作成者として、トップページで「+ 新規作成」をクリックした際、「ステップ 0」のような概要ページを経由せず、「ステップ 1 基本情報」から即座に入力を開始したい。なぜならば、新規作成時の目的は「すぐに入力を始めること」であり、不要なクリックを省略してユーザー体験を向上させるため 3。	仕様書の新規作成	新規作成時のUX最適化	仕様書作成者	「ステップ 1 基本情報」から即座に入力を開始する	「+ 新規作成」をクリックした際	新規作成時の目的は「すぐに入力を始めること」であり、不要なクリックを省略してユーザー体験を向上させるため 3。	ユーザーはトップページ（1）で「+ 新規作成」をクリックすると、即座に「ステップ 1/6 基本情報」画面（2）に遷移する。	1. プロンプトログ（3, #13）の「ユーザー体験を向上する」という指示に基づき、新規作成時の遷移先は「ステップ 1 基本情報」（2）に設定される。